code,name,chineseName,meridian,meridianName,meridianGroup,translation.pinyin,translation.transliteration,translation.korean,translation.vietnamese,description,location,indication,contraindications,functions,coordinates.x,coordinates.y,bodyMapCoords,imageUrls,imageRefs,symptomIds,tags,category,createdAt,updatedAt,createdBy,contentStatus
LU-1,Middle Assembly,中府,LU,Lung,Twelve Primary Meridians,zhōng fǔ,Zhongfu,jung bu 중부,Trung phủ,,,,,,,,[],[],[],[],"[""seed-pending""]",General,2025-01-01T00:00:00Z,2025-01-01T00:00:00Z,system,pending-review
LU-2,Cloud Gate,雲門,LU,Lung,Twelve Primary Meridians,yún mén,Yunmen,un mun 운문,Vân môn,,,,,,,,[],[],[],[],"[""seed-pending""]",General,2025-01-01T00:00:00Z,2025-01-01T00:00:00Z,system,pending-review
LU-3,Upper Arm Assembly,天府,LU,Lung,Twelve Primary Meridians,tiān fǔ,Tianfu,cheon bu 천부,Thiên phủ,,,,,,,,[],[],[],[],"[""seed-pending""]",General,2025-01-01T00:00:00Z,2025-01-01T00:00:00Z,system,pending-review
LU-4,Supporting the Lung,俠白,LU,Lung,Twelve Primary Meridians,xiá bái,Xiabai,hyeop baek 협백,Hiệp bạch,,,,,,,,[],[],[],[],"[""seed-pending""]",General,2025-01-01T00:00:00Z,2025-01-01T00:00:00Z,system,pending-review
LU-5,Cubit Marsh,尺澤,LU,Lung,Twelve Primary Meridians,chǐ zé,Chize,cheok taek 척택,Xích trạch,,,,,,,,[],[],[],[],"[""seed-pending""]",General,2025-01-01T00:00:00Z,2025-01-01T00:00:00Z,system,pending-review
LU-6,Collection Hole,孔最,LU,Lung,Twelve Primary Meridians,kǒng zuì,Kongzui,gong choe 공최,Khổng tối,,,,,,,,[],[],[],[],"[""seed-pending""]",General,2025-01-01T00:00:00Z,2025-01-01T00:00:00Z,system,pending-review
LU-7,Interrupted Sequence,列缺,LU,Lung,Twelve Primary Meridians,liè quē,Lieque,yeol gyeol 열결,Liệt khuyết,,,,,,,,[],[],[],[],"[""seed-pending""]",General,2025-01-01T00:00:00Z,2025-01-01T00:00:00Z,system,pending-review
LU-8,Channel Ditch,經渠,LU,Lung,Twelve Primary Meridians,jīng qú,Jingqu,gyeong geo 경거,Kinh cừ,,,,,,,,[],[],[],[],"[""seed-pending""]",General,2025-01-01T00:00:00Z,2025-01-01T00:00:00Z,system,pending-review
LU-9,Great Deep Pool,太淵,LU,Lung,Twelve Primary Meridians,tài yuān,Taiyuan,tae yeon 태연,Thái uyên,,,,,,,,[],[],[],[],"[""seed-pending""]",General,2025-01-01T00:00:00Z,2025-01-01T00:00:00Z,system,pending-review
LU-10,Fish Border,魚際,LU,Lung,Twelve Primary Meridians,yú jì,Yuji,eo je 어제,Ngư tế,,,,,,,,[],[],[],[],"[""seed-pending""]",General,2025-01-01T00:00:00Z,2025-01-01T00:00:00Z,system,pending-review
LU-11,Lesser Metal,少商,LU,Lung,Twelve Primary Meridians,shào shāng,Shaoshang,so sang 소상,Thiếu thương,,,,,,,,[],[],[],[],"[""seed-pending""]",General,2025-01-01T00:00:00Z,2025-01-01T00:00:00Z,system,pending-review
LI-1,Metal Yang,商陽,LI,Large Intestine,Twelve Primary Meridians,shāng yáng,Shangyang,sang yang 상양,Thương dương,,,,,,,,[],[],[],[],"[""seed-pending""]",General,2025-01-01T00:00:00Z,2025-01-01T00:00:00Z,system,pending-review
LI-2,Second Point,二間,LI,Large Intestine,Twelve Primary Meridians,èr jiān,Erjian,i gan 이간,Nhị gian,,,,,,,,[],[],[],[],"[""seed-pending""]",General,2025-01-01T00:00:00Z,2025-01-01T00:00:00Z,system,pending-review
LI-3,Third Point,三間,LI,Large Intestine,Twelve Primary Meridians,sān jiān,Sanjian,sam gan 삼간,Tam gian,,,,,,,,[],[],[],[],"[""seed-pending""]",General,2025-01-01T00:00:00Z,2025-01-01T00:00:00Z,system,pending-review
LI-4,Junction Valley,合谷,LI,Large Intestine,Twelve Primary Meridians,hé gǔ,He Gu,hap gok 합곡,Hiệp cốc,,,,,,,,[],[],[],[],"[""seed-pending""]",General,2025-01-01T00:00:00Z,2025-01-01T00:00:00Z,system,pending-review
LI-5,Yang Stream,陽谿,LI,Large Intestine,Twelve Primary Meridians,yáng xī,Yangxi,yang gye 양계,Dương khê,,,,,,,,[],[],[],[],"[""seed-pending""]",General,2025-01-01T00:00:00Z,2025-01-01T00:00:00Z,system,pending-review
LI-6,Diverging Passage,偏歴,LI,Large Intestine,Twelve Primary Meridians,piān lì,Pianli,pyeon ryeok 편력,Thiên lịch,,,,,,,,[],[],[],[],"[""seed-pending""]",General,2025-01-01T00:00:00Z,2025-01-01T00:00:00Z,system,pending-review
LI-7,Warm Flow,溫溜,LI,Large Intestine,Twelve Primary Meridians,wēn liū,Wenliu,ol lyu 온류,Ôn lưu,,,,,,,,[],[],[],[],"[""seed-pending""]",General,2025-01-01T00:00:00Z,2025-01-01T00:00:00Z,system,pending-review
LI-8,Lower Point at the Border,下廉,LI,Large Intestine,Twelve Primary Meridians,xià lián,Xialian,ha ryeom 하렴,Hạ liêm,,,,,,,,[],[],[],[],"[""seed-pending""]",General,2025-01-01T00:00:00Z,2025-01-01T00:00:00Z,system,pending-review
LI-9,Upper Point at the Border,上廉,LI,Large Intestine,Twelve Primary Meridians,shàng lián,Shanglian,sang nyeom 상렴,Thượng liêm,,,,,,,,[],[],[],[],"[""seed-pending""]",General,2025-01-01T00:00:00Z,2025-01-01T00:00:00Z,system,pending-review
LI-10,Arm Three Miles,手三里,LI,Large Intestine,Twelve Primary Meridians,shǒu sān lǐ,Shousanli,[su] sam ni [수] 삼리,Thủ tam lý,,,,,,,,[],[],[],[],"[""seed-pending""]",General,2025-01-01T00:00:00Z,2025-01-01T00:00:00Z,system,pending-review
LI-11,Pool at the Bend,曲池,LI,Large Intestine,Twelve Primary Meridians,qū chí,Quchi,gok ji 곡지,Khúc trì,,,,,,,,[],[],[],[],"[""seed-pending""]",General,2025-01-01T00:00:00Z,2025-01-01T00:00:00Z,system,pending-review
LI-12,Elbow Bone Hole,肘髎,LI,Large Intestine,Twelve Primary Meridians,zhǒu liáo,Zhouliao,ju ryo 주료,Trữu liêu,,,,,,,,[],[],[],[],"[""seed-pending""]",General,2025-01-01T00:00:00Z,2025-01-01T00:00:00Z,system,pending-review
LI-13,Arm Five Miles,手五里,LI,Large Intestine,Twelve Primary Meridians,shǒu wǔ lǐ,Shouwuli,[su] o ri [수] 오리,(Thủ) ngũ lý,,,,,,,,[],[],[],[],"[""seed-pending""]",General,2025-01-01T00:00:00Z,2025-01-01T00:00:00Z,system,pending-review
LI-14,Upper Arm,臂臑,LI,Large Intestine,Twelve Primary Meridians,bì nào,Binao,bi no 비노,Tí nhu,,,,,,,,[],[],[],[],"[""seed-pending""]",General,2025-01-01T00:00:00Z,2025-01-01T00:00:00Z,system,pending-review
LI-15,Shoulder and Clavicle,肩髃,LI,Large Intestine,Twelve Primary Meridians,jiān yú,Jianyu,gyeon u 견우,Kiên ngung,,,,,,,,[],[],[],[],"[""seed-pending""]",General,2025-01-01T00:00:00Z,2025-01-01T00:00:00Z,system,pending-review
LI-16,Large Bone,巨骨,LI,Large Intestine,Twelve Primary Meridians,jù gǔ,Jugu,geo gol 거골,Ngự cốt,,,,,,,,[],[],[],[],"[""seed-pending""]",General,2025-01-01T00:00:00Z,2025-01-01T00:00:00Z,system,pending-review
LI-17,Head's Tripod,天鼎,LI,Large Intestine,Twelve Primary Meridians,tiān dǐng,Tianding,cheon jeong 천정,Thiên đỉnh,,,,,,,,[],[],[],[],"[""seed-pending""]",General,2025-01-01T00:00:00Z,2025-01-01T00:00:00Z,system,pending-review
LI-18,Beside the Prominence,扶突,LI,Large Intestine,Twelve Primary Meridians,fú tū,Futu,bu dol 부돌,Phù đột,,,,,,,,[],[],[],[],"[""seed-pending""]",General,2025-01-01T00:00:00Z,2025-01-01T00:00:00Z,system,pending-review
LI-19,Mouth Grain Hole,口禾髎,LI,Large Intestine,Twelve Primary Meridians,kǒu hé liáo,Kouheliao,hwa ryo 화료,Hòa liêu,,,,,,,,[],[],[],[],"[""seed-pending""]",General,2025-01-01T00:00:00Z,2025-01-01T00:00:00Z,system,pending-review
LI-20,Receiving Fragrance,迎香,LI,Large Intestine,Twelve Primary Meridians,yíng xiāng,Yingxiang,yeong hyang 영향,Nghênh hương,,,,,,,,[],[],[],[],"[""seed-pending""]",General,2025-01-01T00:00:00Z,2025-01-01T00:00:00Z,system,pending-review
ST-1,Tears Container,承泣,ST,Stomach,Twelve Primary Meridians,chéng qì,Chengqi,seung eup 승읍,Thừa khấp,,,,,,,,[],[],[],[],"[""seed-pending""]",General,2025-01-01T00:00:00Z,2025-01-01T00:00:00Z,system,pending-review
ST-2,Four Directions Brightness,四白,ST,Stomach,Twelve Primary Meridians,sì bái,Sibai,sa baek 사백,Tứ bạch,,,,,,,,[],[],[],[],"[""seed-pending""]",General,2025-01-01T00:00:00Z,2025-01-01T00:00:00Z,system,pending-review
ST-3,Large Bone Hole,巨髎,ST,Stomach,Twelve Primary Meridians,jù liáo,Juliao,geo ryo 거료,Cự liêu,,,,,,,,[],[],[],[],"[""seed-pending""]",General,2025-01-01T00:00:00Z,2025-01-01T00:00:00Z,system,pending-review
ST-4,Earth Granary,地倉,ST,Stomach,Twelve Primary Meridians,dì cāng,Dicang,ji chang 지창,Địa thương,,,,,,,,[],[],[],[],"[""seed-pending""]",General,2025-01-01T00:00:00Z,2025-01-01T00:00:00Z,system,pending-review
ST-5,Large Receptacle (Facial Artery),大迎,ST,Stomach,Twelve Primary Meridians,dà yíng,Daying,dae yeong 대영,Đại nghênh,,,,,,,,[],[],[],[],"[""seed-pending""]",General,2025-01-01T00:00:00Z,2025-01-01T00:00:00Z,system,pending-review
ST-6,Jaw Bone,頰車,ST,Stomach,Twelve Primary Meridians,jiá chē,Jiache,hyeop geo 협거,Giáp xa,,,,,,,,[],[],[],[],"[""seed-pending""]",General,2025-01-01T00:00:00Z,2025-01-01T00:00:00Z,system,pending-review
ST-7,Below the Arch,下關,ST,Stomach,Twelve Primary Meridians,xià guān,Xiaguan,ha gwan 하관,Hạ quan,,,,,,,,[],[],[],[],"[""seed-pending""]",General,2025-01-01T00:00:00Z,2025-01-01T00:00:00Z,system,pending-review
ST-8,Head's Corner,頭維,ST,Stomach,Twelve Primary Meridians,tóu wéi,Touwei,du yu 두유,Đầu duy,,,,,,,,[],[],[],[],"[""seed-pending""]",General,2025-01-01T00:00:00Z,2025-01-01T00:00:00Z,system,pending-review
ST-9,Man'sPrognosis (Carotid Artery),人迎,ST,Stomach,Twelve Primary Meridians,rén yíng,Renying,in yeong 인영,Nhân nghênh,,,,,,,,[],[],[],[],"[""seed-pending""]",General,2025-01-01T00:00:00Z,2025-01-01T00:00:00Z,system,pending-review
ST-10,Liquid Passage,水突,ST,Stomach,Twelve Primary Meridians,shǔi tū,Shuitu,su dol 수돌,Thủy đột,,,,,,,,[],[],[],[],"[""seed-pending""]",General,2025-01-01T00:00:00Z,2025-01-01T00:00:00Z,system,pending-review
ST-11,Residence of Breath Qi,氣舍,ST,Stomach,Twelve Primary Meridians,qì shè,Qishe,gi sa 기사,Khí xá,,,,,,,,[],[],[],[],"[""seed-pending""]",General,2025-01-01T00:00:00Z,2025-01-01T00:00:00Z,system,pending-review
ST-12,Empty Basin,缺盆,ST,Stomach,Twelve Primary Meridians,quē pén,Quepen,gyeol bun 결분,Khuyết bồn,,,,,,,,[],[],[],[],"[""seed-pending""]",General,2025-01-01T00:00:00Z,2025-01-01T00:00:00Z,system,pending-review
ST-13,Door of Breath,氣戶,ST,Stomach,Twelve Primary Meridians,qì hù,Qihu,gi ho 기호,Khí hộ,,,,,,,,[],[],[],[],"[""seed-pending""]",General,2025-01-01T00:00:00Z,2025-01-01T00:00:00Z,system,pending-review
ST-14,Breath Storeroom,庫房,ST,Stomach,Twelve Primary Meridians,kù fáng,Kufang,go bang 고방,Khố phòng,,,,,,,,[],[],[],[],"[""seed-pending""]",General,2025-01-01T00:00:00Z,2025-01-01T00:00:00Z,system,pending-review
ST-15,Hiding the Breath,屋翳,ST,Stomach,Twelve Primary Meridians,wū yì,Wuyi,ok ye 옥예,Ốc ế,,,,,,,,[],[],[],[],"[""seed-pending""]",General,2025-01-01T00:00:00Z,2025-01-01T00:00:00Z,system,pending-review
ST-16,Breast Window,膺窗,ST,Stomach,Twelve Primary Meridians,yìng chuāng,Yingchuang,eung chang 응창,Ưng song,,,,,,,,[],[],[],[],"[""seed-pending""]",General,2025-01-01T00:00:00Z,2025-01-01T00:00:00Z,system,pending-review
ST-17,Breast Centre (Nipple),乳中,ST,Stomach,Twelve Primary Meridians,rǔ zhōng,Ruzhong,yu jung 유중,Nhũ trung,,,,,,,,[],[],[],[],"[""seed-pending""]",General,2025-01-01T00:00:00Z,2025-01-01T00:00:00Z,system,pending-review
ST-18,Breast Root,乳根,ST,Stomach,Twelve Primary Meridians,rǔ gēn,Rugen,yu geun 유근,Nhũ căn,,,,,,,,[],[],[],[],"[""seed-pending""]",General,2025-01-01T00:00:00Z,2025-01-01T00:00:00Z,system,pending-review
ST-19,Not Contained,不容,ST,Stomach,Twelve Primary Meridians,bù róng,Burong,bul yong 불용,Bất dung,,,,,,,,[],[],[],[],"[""seed-pending""]",General,2025-01-01T00:00:00Z,2025-01-01T00:00:00Z,system,pending-review
ST-20,Receiving Fullness,承滿,ST,Stomach,Twelve Primary Meridians,chéng mǎn,Chengman,seng man 승만,Thừa mãn,,,,,,,,[],[],[],[],"[""seed-pending""]",General,2025-01-01T00:00:00Z,2025-01-01T00:00:00Z,system,pending-review
ST-21,Beam Gate,梁門,ST,Stomach,Twelve Primary Meridians,liáng mén,Liangmen,yang mun 양문,Lương môn,,,,,,,,[],[],[],[],"[""seed-pending""]",General,2025-01-01T00:00:00Z,2025-01-01T00:00:00Z,system,pending-review
ST-22,Shutting the Gate,關門,ST,Stomach,Twelve Primary Meridians,guān mén,Guanmen,gwan mun 관문,Quan môn,,,,,,,,[],[],[],[],"[""seed-pending""]",General,2025-01-01T00:00:00Z,2025-01-01T00:00:00Z,system,pending-review
ST-23,Great Unity,太乙,ST,Stomach,Twelve Primary Meridians,tài yǐ,Taiyi,tae eul 태을,Thái ất,,,,,,,,[],[],[],[],"[""seed-pending""]",General,2025-01-01T00:00:00Z,2025-01-01T00:00:00Z,system,pending-review
ST-24,Chime Gate,滑肉門,ST,Stomach,Twelve Primary Meridians,huá ròu mén,Huaroumen,hwal yung mun 활육문,Hoạt nhục môn,,,,,,,,[],[],[],[],"[""seed-pending""]",General,2025-01-01T00:00:00Z,2025-01-01T00:00:00Z,system,pending-review
ST-25,Heavenly Pivot,天樞,ST,Stomach,Twelve Primary Meridians,tiān shū,Tianshu,cheon chu 천추,Thiên xu,,,,,,,,[],[],[],[],"[""seed-pending""]",General,2025-01-01T00:00:00Z,2025-01-01T00:00:00Z,system,pending-review
ST-26,Outer Mound,外陵,ST,Stomach,Twelve Primary Meridians,wài líng,Wailing,woe neung 외릉,Ngoại lăng,,,,,,,,[],[],[],[],"[""seed-pending""]",General,2025-01-01T00:00:00Z,2025-01-01T00:00:00Z,system,pending-review
ST-27,Great Bulge,大巨,ST,Stomach,Twelve Primary Meridians,dà jù,Daju,dae geo 대거,Đại cự,,,,,,,,[],[],[],[],"[""seed-pending""]",General,2025-01-01T00:00:00Z,2025-01-01T00:00:00Z,system,pending-review
ST-28,Waterway,水道,ST,Stomach,Twelve Primary Meridians,shuǐ dào,Shuidao,su do 수도,Thủy đạo,,,,,,,,[],[],[],[],"[""seed-pending""]",General,2025-01-01T00:00:00Z,2025-01-01T00:00:00Z,system,pending-review
ST-29,Restoring Position,歸來 (归来),ST,Stomach,Twelve Primary Meridians,guī lái,Guilai,gui rae 귀래,Qui lai,,,,,,,,[],[],[],[],"[""seed-pending""]",General,2025-01-01T00:00:00Z,2025-01-01T00:00:00Z,system,pending-review
ST-30,Qi Surge,氣沖,ST,Stomach,Twelve Primary Meridians,qì chōng,Qichong,gi chung 기충,Khí xung,,,,,,,,[],[],[],[],"[""seed-pending""]",General,2025-01-01T00:00:00Z,2025-01-01T00:00:00Z,system,pending-review
ST-31,Thigh Gate,髀關,ST,Stomach,Twelve Primary Meridians,bì guān,Biguan,bi gwan 비관,Bễ quan,,,,,,,,[],[],[],[],"[""seed-pending""]",General,2025-01-01T00:00:00Z,2025-01-01T00:00:00Z,system,pending-review
ST-32,Crouching Rabbit,伏兔,ST,Stomach,Twelve Primary Meridians,fú tù,Futu,bok to 복토,Phục thỏ,,,,,,,,[],[],[],[],"[""seed-pending""]",General,2025-01-01T00:00:00Z,2025-01-01T00:00:00Z,system,pending-review
ST-33,Yin Market,陰市,ST,Stomach,Twelve Primary Meridians,yīn shì,Yinshi,eum si 음시,Âm thị,,,,,,,,[],[],[],[],"[""seed-pending""]",General,2025-01-01T00:00:00Z,2025-01-01T00:00:00Z,system,pending-review
ST-34,Ridge Mound,梁丘,ST,Stomach,Twelve Primary Meridians,liáng qīu,Liangqiu,yang gu 양구,Lương khâu,,,,,,,,[],[],[],[],"[""seed-pending""]",General,2025-01-01T00:00:00Z,2025-01-01T00:00:00Z,system,pending-review
ST-35,Calf's Nose,犢鼻,ST,Stomach,Twelve Primary Meridians,dú bí,Dubi,dok bi 독비,Độc tị,,,,,,,,[],[],[],[],"[""seed-pending""]",General,2025-01-01T00:00:00Z,2025-01-01T00:00:00Z,system,pending-review
ST-36,Leg Three Miles,足三里,ST,Stomach,Twelve Primary Meridians,zú sān lǐ,Zusanli,[jok] sam ni [족] 삼리,Túc tam lý,,,,,,,,[],[],[],[],"[""seed-pending""]",General,2025-01-01T00:00:00Z,2025-01-01T00:00:00Z,system,pending-review
ST-37,Upper Great Void,上巨虛,ST,Stomach,Twelve Primary Meridians,shàng jù xū,Shangjuxu,sang geo heo 상거허,Thượng cự hư,,,,,,,,[],[],[],[],"[""seed-pending""]",General,2025-01-01T00:00:00Z,2025-01-01T00:00:00Z,system,pending-review
ST-38,Ribbon Opening,條口,ST,Stomach,Twelve Primary Meridians,tiáo kǒu,Tiaokou,jo gu 조구,Điều khẩu,,,,,,,,[],[],[],[],"[""seed-pending""]",General,2025-01-01T00:00:00Z,2025-01-01T00:00:00Z,system,pending-review
ST-39,Lower Large Hollow,下巨虛,ST,Stomach,Twelve Primary Meridians,xià jù xū,Xiajuxu,ha geo heo 하거허,Hạ cự hư,,,,,,,,[],[],[],[],"[""seed-pending""]",General,2025-01-01T00:00:00Z,2025-01-01T00:00:00Z,system,pending-review
ST-40,Abundant Bulge,豐隆,ST,Stomach,Twelve Primary Meridians,fēng lóng,Fenglong,pung nyung 풍륭,Phong long,,,,,,,,[],[],[],[],"[""seed-pending""]",General,2025-01-01T00:00:00Z,2025-01-01T00:00:00Z,system,pending-review
ST-41,Dividing Cleft,解谿,ST,Stomach,Twelve Primary Meridians,jiě xī,Jiexi,hae gye 해계,Giải khê,,,,,,,,[],[],[],[],"[""seed-pending""]",General,2025-01-01T00:00:00Z,2025-01-01T00:00:00Z,system,pending-review
ST-42,Surging Yang,沖陽,ST,Stomach,Twelve Primary Meridians,chōng yáng,Chongyang,chung yang 충양,Xung dương,,,,,,,,[],[],[],[],"[""seed-pending""]",General,2025-01-01T00:00:00Z,2025-01-01T00:00:00Z,system,pending-review
ST-43,Sunken Valley,陷谷,ST,Stomach,Twelve Primary Meridians,xiàn gǔ,Xiangu,ham gok 함곡,Hãm cốc,,,,,,,,[],[],[],[],"[""seed-pending""]",General,2025-01-01T00:00:00Z,2025-01-01T00:00:00Z,system,pending-review
ST-44,Inner Court,内庭,ST,Stomach,Twelve Primary Meridians,nèi tíng,Neiting,nae jeong 내정,Nội đình,,,,,,,,[],[],[],[],"[""seed-pending""]",General,2025-01-01T00:00:00Z,2025-01-01T00:00:00Z,system,pending-review
ST-45,Running Point,厲兌,ST,Stomach,Twelve Primary Meridians,lì duì,Lidui,ye tae 예태,Lệ đoài,,,,,,,,[],[],[],[],"[""seed-pending""]",General,2025-01-01T00:00:00Z,2025-01-01T00:00:00Z,system,pending-review
SP-1,Hidden White,隱白,SP,Spleen,Twelve Primary Meridians,yǐn bái,Yinbai,eun baek 은백,Ẩn bạch,,,,,,,,[],[],[],[],"[""seed-pending""]",General,2025-01-01T00:00:00Z,2025-01-01T00:00:00Z,system,pending-review
SP-2,Great Pool,大都,SP,Spleen,Twelve Primary Meridians,dà dū,Dadu,dae do 대도,Đại đô,,,,,,,,[],[],[],[],"[""seed-pending""]",General,2025-01-01T00:00:00Z,2025-01-01T00:00:00Z,system,pending-review
SP-3,Great White,太白,SP,Spleen,Twelve Primary Meridians,taì bái,Taibai,tae baek 태백,Thái bạch,,,,,,,,[],[],[],[],"[""seed-pending""]",General,2025-01-01T00:00:00Z,2025-01-01T00:00:00Z,system,pending-review
SP-4,Grandfather Grandson,公孫,SP,Spleen,Twelve Primary Meridians,gōng sūn,Gongsun,gong son 공손,Công tôn,,,,,,,,[],[],[],[],"[""seed-pending""]",General,2025-01-01T00:00:00Z,2025-01-01T00:00:00Z,system,pending-review
SP-5,Metal Mound,商丘,SP,Spleen,Twelve Primary Meridians,shāng qiū,Shangqiu,sang gu 상구,Thương khâu,,,,,,,,[],[],[],[],"[""seed-pending""]",General,2025-01-01T00:00:00Z,2025-01-01T00:00:00Z,system,pending-review
SP-6,Three Yin Intersection,三陰交,SP,Spleen,Twelve Primary Meridians,sān yīn jiāo,Sanyinjiao,sam eum gyo 삼음교,Tam âm giao,,,,,,,,[],[],[],[],"[""seed-pending""]",General,2025-01-01T00:00:00Z,2025-01-01T00:00:00Z,system,pending-review
SP-7,Leaking Valley,漏谷,SP,Spleen,Twelve Primary Meridians,loù gǔ,Lougu,nu gok 루곡,Lậu cốc,,,,,,,,[],[],[],[],"[""seed-pending""]",General,2025-01-01T00:00:00Z,2025-01-01T00:00:00Z,system,pending-review
SP-8,Earth Cure,地機,SP,Spleen,Twelve Primary Meridians,dì jī,Diji,ji gi 지기,Địa cơ,,,,,,,,[],[],[],[],"[""seed-pending""]",General,2025-01-01T00:00:00Z,2025-01-01T00:00:00Z,system,pending-review
SP-9,Yin Mound Spring,陰陵泉,SP,Spleen,Twelve Primary Meridians,yīn líng qúan,Yinlingquan,eum neung cheon 음릉천,Âm lăng tuyền,,,,,,,,[],[],[],[],"[""seed-pending""]",General,2025-01-01T00:00:00Z,2025-01-01T00:00:00Z,system,pending-review
SP-10,Sea of Blood,血海,SP,Spleen,Twelve Primary Meridians,xuè hǎi,Xuehai,hyeol hae 혈해,Huyết hải,,,,,,,,[],[],[],[],"[""seed-pending""]",General,2025-01-01T00:00:00Z,2025-01-01T00:00:00Z,system,pending-review
SP-11,Separation Gate,箕門,SP,Spleen,Twelve Primary Meridians,jī mén,Jimen,gi mun 기문,Cơ môn,,,,,,,,[],[],[],[],"[""seed-pending""]",General,2025-01-01T00:00:00Z,2025-01-01T00:00:00Z,system,pending-review
SP-12,Surging Gate,衝門,SP,Spleen,Twelve Primary Meridians,chōng mén,Chongmen,chung mun 충문,Xung môn,,,,,,,,[],[],[],[],"[""seed-pending""]",General,2025-01-01T00:00:00Z,2025-01-01T00:00:00Z,system,pending-review
SP-13,Bpwel Abode,府舍,SP,Spleen,Twelve Primary Meridians,fǔ shè,Fushe,bu sa 부사,Phủ xá,,,,,,,,[],[],[],[],"[""seed-pending""]",General,2025-01-01T00:00:00Z,2025-01-01T00:00:00Z,system,pending-review
SP-14,Abdomen Stagnation,腹結,SP,Spleen,Twelve Primary Meridians,fù jié,Fujie,bok gyeol 복결,Phúc kết,,,,,,,,[],[],[],[],"[""seed-pending""]",General,2025-01-01T00:00:00Z,2025-01-01T00:00:00Z,system,pending-review
SP-15,Great Horizontal,大横,SP,Spleen,Twelve Primary Meridians,dà héng,Da heng,dae hoeng 대횡,Đại hoành,,,,,,,,[],[],[],[],"[""seed-pending""]",General,2025-01-01T00:00:00Z,2025-01-01T00:00:00Z,system,pending-review
SP-16,Abdomen Suffering,腹哀,SP,Spleen,Twelve Primary Meridians,fù āi,Fuai,bok ae 복애,Phúc ai,,,,,,,,[],[],[],[],"[""seed-pending""]",General,2025-01-01T00:00:00Z,2025-01-01T00:00:00Z,system,pending-review
SP-17,Food Cavity,食竇,SP,Spleen,Twelve Primary Meridians,shí dòu,Shidou,sik du 식두,Thực đậu,,,,,,,,[],[],[],[],"[""seed-pending""]",General,2025-01-01T00:00:00Z,2025-01-01T00:00:00Z,system,pending-review
SP-18,Celestial Cleft,天谿,SP,Spleen,Twelve Primary Meridians,tiān xī,Tianxi,cheon gye 천계,Thiên khê,,,,,,,,[],[],[],[],"[""seed-pending""]",General,2025-01-01T00:00:00Z,2025-01-01T00:00:00Z,system,pending-review
SP-19,Chest Village,胸鄉,SP,Spleen,Twelve Primary Meridians,xiōng xiāng,Xiongxiang,hyung hyang 흉향,Hung hương,,,,,,,,[],[],[],[],"[""seed-pending""]",General,2025-01-01T00:00:00Z,2025-01-01T00:00:00Z,system,pending-review
SP-20,Complete Nourishment,周榮,SP,Spleen,Twelve Primary Meridians,zhōu róng,Zhourong,ju yeong 주영,Chu vinh,,,,,,,,[],[],[],[],"[""seed-pending""]",General,2025-01-01T00:00:00Z,2025-01-01T00:00:00Z,system,pending-review
SP-21,Great Embrace,大包,SP,Spleen,Twelve Primary Meridians,dà bāo,Dabao,dae po 대포,Đại bao,,,,,,,,[],[],[],[],"[""seed-pending""]",General,2025-01-01T00:00:00Z,2025-01-01T00:00:00Z,system,pending-review
HE-1,Highest Spring,極泉,HT,Heart,Twelve Primary Meridians,jí quán,Jiquan,geuk cheon 극천,Cực tuyền,,,,,,,,[],[],[],[],"[""seed-pending""]",General,2025-01-01T00:00:00Z,2025-01-01T00:00:00Z,system,pending-review
HE-2,Green Spirit,青靈,HT,Heart,Twelve Primary Meridians,qīng líng,Qingling,cheong nyeong 청령,Thanh linh,,,,,,,,[],[],[],[],"[""seed-pending""]",General,2025-01-01T00:00:00Z,2025-01-01T00:00:00Z,system,pending-review
HE-3,Lesser Sea,少海,HT,Heart,Twelve Primary Meridians,shào hǎi,Shaohai,so hae 소해,Thiếu hải,,,,,,,,[],[],[],[],"[""seed-pending""]",General,2025-01-01T00:00:00Z,2025-01-01T00:00:00Z,system,pending-review
HE-4,Spirit Path,靈道,HT,Heart,Twelve Primary Meridians,líng dào,Lingdao,young do 영도,Linh đạo,,,,,,,,[],[],[],[],"[""seed-pending""]",General,2025-01-01T00:00:00Z,2025-01-01T00:00:00Z,system,pending-review
HE-5,Inward Connection,通里,HT,Heart,Twelve Primary Meridians,tōng lǐ,Tongli,tong ni 통리,Thông lý,,,,,,,,[],[],[],[],"[""seed-pending""]",General,2025-01-01T00:00:00Z,2025-01-01T00:00:00Z,system,pending-review
HE-6,Yin Cleft,陰郄,HT,Heart,Twelve Primary Meridians,yīn xī,Yinxi,eum geuk 음극,Âm khích,,,,,,,,[],[],[],[],"[""seed-pending""]",General,2025-01-01T00:00:00Z,2025-01-01T00:00:00Z,system,pending-review
HE-7,Spirit Gate,神門,HT,Heart,Twelve Primary Meridians,shén mén,Shenmen,sin mun 신문,Thần môn,,,,,,,,[],[],[],[],"[""seed-pending""]",General,2025-01-01T00:00:00Z,2025-01-01T00:00:00Z,system,pending-review
HE-8,Lesser Mansion,少府,HT,Heart,Twelve Primary Meridians,shào fǔ,Shaofu,so bu 소부,Thiếu phủ,,,,,,,,[],[],[],[],"[""seed-pending""]",General,2025-01-01T00:00:00Z,2025-01-01T00:00:00Z,system,pending-review
HE-9,Lesser Surge,少沖,HT,Heart,Twelve Primary Meridians,shào chōng,Shaochong,so chung 소충,Thiếu xung,,,,,,,,[],[],[],[],"[""seed-pending""]",General,2025-01-01T00:00:00Z,2025-01-01T00:00:00Z,system,pending-review
SI-1,Lesser Marsh,少澤,SI,Small Intestine,Twelve Primary Meridians,shào zé,Shaoze,so taek 소택,Thiếu trạch,,,,,,,,[],[],[],[],"[""seed-pending""]",General,2025-01-01T00:00:00Z,2025-01-01T00:00:00Z,system,pending-review
SI-2,Front Valley,前谷,SI,Small Intestine,Twelve Primary Meridians,qián gǔ,Qiangu,jeon gok 전곡,Tiền cốc,,,,,,,,[],[],[],[],"[""seed-pending""]",General,2025-01-01T00:00:00Z,2025-01-01T00:00:00Z,system,pending-review
SI-3,Back Stream,後谿,SI,Small Intestine,Twelve Primary Meridians,hòu xī,Houxi,hu gye 후계,Hậu khê,,,,,,,,[],[],[],[],"[""seed-pending""]",General,2025-01-01T00:00:00Z,2025-01-01T00:00:00Z,system,pending-review
SI-4,Wrist Bone,腕骨,SI,Small Intestine,Twelve Primary Meridians,wàn gǔ,Wangu,wan gol 완골,Uyển cốt,,,,,,,,[],[],[],[],"[""seed-pending""]",General,2025-01-01T00:00:00Z,2025-01-01T00:00:00Z,system,pending-review
SI-5,Yang Valley,陽谷,SI,Small Intestine,Twelve Primary Meridians,yáng gǔ,Yanggu,yang gok 양곡,Dương cốc,,,,,,,,[],[],[],[],"[""seed-pending""]",General,2025-01-01T00:00:00Z,2025-01-01T00:00:00Z,system,pending-review
SI-6,Support the Aged,養老,SI,Small Intestine,Twelve Primary Meridians,yǎng lǎo,Yanglao,yang no 양노,Dưỡng lão,,,,,,,,[],[],[],[],"[""seed-pending""]",General,2025-01-01T00:00:00Z,2025-01-01T00:00:00Z,system,pending-review
SI-7,Branch of Upright,支正,SI,Small Intestine,Twelve Primary Meridians,zhī zhèng,Zhizheng,ji jeong 지정,Chi chính,,,,,,,,[],[],[],[],"[""seed-pending""]",General,2025-01-01T00:00:00Z,2025-01-01T00:00:00Z,system,pending-review
SI-8,Small Sea,小海,SI,Small Intestine,Twelve Primary Meridians,xiǎo hǎi,Xiaohai,so hae 소해,Tiểu hải,,,,,,,,[],[],[],[],"[""seed-pending""]",General,2025-01-01T00:00:00Z,2025-01-01T00:00:00Z,system,pending-review
SI-9,True Shoulder,肩貞,SI,Small Intestine,Twelve Primary Meridians,jiān zhēn,Jianzhen,gyeon jeong 견정,Kiên trinh,,,,,,,,[],[],[],[],"[""seed-pending""]",General,2025-01-01T00:00:00Z,2025-01-01T00:00:00Z,system,pending-review
SI-10,Upper arm transporter,臑俞,SI,Small Intestine,Twelve Primary Meridians,nāo shū,Naoshu,no yu(su) 노유(수),Nhu du,,,,,,,,[],[],[],[],"[""seed-pending""]",General,2025-01-01T00:00:00Z,2025-01-01T00:00:00Z,system,pending-review
SI-11,Heavenly Gathering,天宗,SI,Small Intestine,Twelve Primary Meridians,tiān zōng,Tianzong,cheon jong 천종,Thiên tông,,,,,,,,[],[],[],[],"[""seed-pending""]",General,2025-01-01T00:00:00Z,2025-01-01T00:00:00Z,system,pending-review
SI-12,Grasping the Wind,秉風,SI,Small Intestine,Twelve Primary Meridians,bǐng fēng,Bingfeng,byeong pung 병풍,Bỉnh phong,,,,,,,,[],[],[],[],"[""seed-pending""]",General,2025-01-01T00:00:00Z,2025-01-01T00:00:00Z,system,pending-review
SI-13,Crooked Wall,曲垣,SI,Small Intestine,Twelve Primary Meridians,qū yuán,Quyuan,gok won 곡원,Khúc viên,,,,,,,,[],[],[],[],"[""seed-pending""]",General,2025-01-01T00:00:00Z,2025-01-01T00:00:00Z,system,pending-review
SI-14,Outer Shoulder Transporter,肩外俞,SI,Small Intestine,Twelve Primary Meridians,jiān wài shū,Jianwaishu,gyeon oe yu 견외유,Kiên ngoại du,,,,,,,,[],[],[],[],"[""seed-pending""]",General,2025-01-01T00:00:00Z,2025-01-01T00:00:00Z,system,pending-review
SI-15,Middle Shoulder Transporter,肩中俞,SI,Small Intestine,Twelve Primary Meridians,jiān zhōng shū,Jianzhongshu,gyeon jung yu 견중유,Kiên trung du,,,,,,,,[],[],[],[],"[""seed-pending""]",General,2025-01-01T00:00:00Z,2025-01-01T00:00:00Z,system,pending-review
SI-16,Heavenly Window,天窗,SI,Small Intestine,Twelve Primary Meridians,tiān chuāng,Tianchuang,cheon chang 천창,Thiên song,,,,,,,,[],[],[],[],"[""seed-pending""]",General,2025-01-01T00:00:00Z,2025-01-01T00:00:00Z,system,pending-review
SI-17,Heavenly Appearance,天容,SI,Small Intestine,Twelve Primary Meridians,tiān róng,Tianrong,cheon yong 천용,Thiên dung,,,,,,,,[],[],[],[],"[""seed-pending""]",General,2025-01-01T00:00:00Z,2025-01-01T00:00:00Z,system,pending-review
SI-18,Cheek Bone Crevice,顴髎,SI,Small Intestine,Twelve Primary Meridians,quán liáo,Quanliao,gwal lyo 관료,Quyền liêu,,,,,,,,[],[],[],[],"[""seed-pending""]",General,2025-01-01T00:00:00Z,2025-01-01T00:00:00Z,system,pending-review
SI-19,Palace of Hearing,聽宮,SI,Small Intestine,Twelve Primary Meridians,tīng gōng,Tinggong,cheong gung 청궁,Thính cung,,,,,,,,[],[],[],[],"[""seed-pending""]",General,2025-01-01T00:00:00Z,2025-01-01T00:00:00Z,system,pending-review
BL-1,Bright Eyes,睛明,BL,Bladder,Twelve Primary Meridians,jīng míng,Jingming,jeong myeong 정명,Tình minh,,,,,,,,[],[],[],[],"[""seed-pending""]",General,2025-01-01T00:00:00Z,2025-01-01T00:00:00Z,system,pending-review
BL-2,Gathered Bamboo,攢竹,BL,Bladder,Twelve Primary Meridians,cuán zhú,Zanzhu,chan juk 찬죽,Toản trúc,,,,,,,,[],[],[],[],"[""seed-pending""]",General,2025-01-01T00:00:00Z,2025-01-01T00:00:00Z,system,pending-review
BL-3,Eyebrows' Ascension,眉衝,BL,Bladder,Twelve Primary Meridians,méi chōng,Meichong,mi chung 미충,Mi xung,,,,,,,,[],[],[],[],"[""seed-pending""]",General,2025-01-01T00:00:00Z,2025-01-01T00:00:00Z,system,pending-review
BL-4,Deviating Curve,曲差,BL,Bladder,Twelve Primary Meridians,qǔ chāi,Quchai,gok cha 곡차,Khúc sai,,,,,,,,[],[],[],[],"[""seed-pending""]",General,2025-01-01T00:00:00Z,2025-01-01T00:00:00Z,system,pending-review
BL-5,Fifth Position,五處,BL,Bladder,Twelve Primary Meridians,wǔ chǔ,Wuchu,o cheo 오처,Ngũ xứ,,,,,,,,[],[],[],[],"[""seed-pending""]",General,2025-01-01T00:00:00Z,2025-01-01T00:00:00Z,system,pending-review
BL-6,Receiving Light,承光,BL,Bladder,Twelve Primary Meridians,chéng guāng,Chengguang,seung gwang 승광,Thừa quang,,,,,,,,[],[],[],[],"[""seed-pending""]",General,2025-01-01T00:00:00Z,2025-01-01T00:00:00Z,system,pending-review
BL-7,Reaching Upward,通天,BL,Bladder,Twelve Primary Meridians,tōng tiān,Tongtian,tong cheon 통천,Thông thiên,,,,,,,,[],[],[],[],"[""seed-pending""]",General,2025-01-01T00:00:00Z,2025-01-01T00:00:00Z,system,pending-review
BL-8,Declining Connection,絡卻,BL,Bladder,Twelve Primary Meridians,luò què,Luoque,nak gak 락각,Lạc khước,,,,,,,,[],[],[],[],"[""seed-pending""]",General,2025-01-01T00:00:00Z,2025-01-01T00:00:00Z,system,pending-review
BL-9,Jade Pillow,玉枕,BL,Bladder,Twelve Primary Meridians,yù zhěn,Yuzhen,ok chim 옥침,Ngọc chẩm,,,,,,,,[],[],[],[],"[""seed-pending""]",General,2025-01-01T00:00:00Z,2025-01-01T00:00:00Z,system,pending-review
BL-10,Upper Pillar,天柱,BL,Bladder,Twelve Primary Meridians,tiān zhù,Tianzhu,cheon ju 천주,Thiên trụ,,,,,,,,[],[],[],[],"[""seed-pending""]",General,2025-01-01T00:00:00Z,2025-01-01T00:00:00Z,system,pending-review
BL-11,Great Vertebra,大杼,BL,Bladder,Twelve Primary Meridians,dà zhù,Dazhu,dae jeo 대저,Đại trữ,,,,,,,,[],[],[],[],"[""seed-pending""]",General,2025-01-01T00:00:00Z,2025-01-01T00:00:00Z,system,pending-review
BL-12,Wind Gate,風門,BL,Bladder,Twelve Primary Meridians,fēng mén,Fengmen,pung mun 풍문,Phong môn,,,,,,,,[],[],[],[],"[""seed-pending""]",General,2025-01-01T00:00:00Z,2025-01-01T00:00:00Z,system,pending-review
BL-13,Lung Transporter,肺俞,BL,Bladder,Twelve Primary Meridians,fèi shū,Feishu,pye yu 폐유,Phế du,,,,,,,,[],[],[],[],"[""seed-pending""]",General,2025-01-01T00:00:00Z,2025-01-01T00:00:00Z,system,pending-review
BL-14,Absolute yin Transporter,厥陰俞,BL,Bladder,Twelve Primary Meridians,jué yīn shū,Jueyinshu,gweor eum yu 궐음유,Quyết âm du,,,,,,,,[],[],[],[],"[""seed-pending""]",General,2025-01-01T00:00:00Z,2025-01-01T00:00:00Z,system,pending-review
BL-15,Heart Transporter,心俞,BL,Bladder,Twelve Primary Meridians,xīn shū,Xinshu,sim yu 심유,Tâm du,,,,,,,,[],[],[],[],"[""seed-pending""]",General,2025-01-01T00:00:00Z,2025-01-01T00:00:00Z,system,pending-review
BL-16,Governor Transporter,督俞,BL,Bladder,Twelve Primary Meridians,dū shū,Dushu,dok yu 독유,Đốc du,,,,,,,,[],[],[],[],"[""seed-pending""]",General,2025-01-01T00:00:00Z,2025-01-01T00:00:00Z,system,pending-review
BL-17,Diaphragm Transporter,膈俞,BL,Bladder,Twelve Primary Meridians,gé shū,Geshu,gyeok yu 격유,Cách du,,,,,,,,[],[],[],[],"[""seed-pending""]",General,2025-01-01T00:00:00Z,2025-01-01T00:00:00Z,system,pending-review
BL-18,Liver Transporter,肝俞,BL,Bladder,Twelve Primary Meridians,gān shū,Ganshu,gan yu 간유,Can du,,,,,,,,[],[],[],[],"[""seed-pending""]",General,2025-01-01T00:00:00Z,2025-01-01T00:00:00Z,system,pending-review
BL-19,Gallbladder Transporter,膽俞,BL,Bladder,Twelve Primary Meridians,dǎn shū,Danshu,dam yu 담유,Đởm du,,,,,,,,[],[],[],[],"[""seed-pending""]",General,2025-01-01T00:00:00Z,2025-01-01T00:00:00Z,system,pending-review
BL-20,Spleen Transporter,脾俞,BL,Bladder,Twelve Primary Meridians,pí shū,Pishu,bi yu 비유,Tỳ du,,,,,,,,[],[],[],[],"[""seed-pending""]",General,2025-01-01T00:00:00Z,2025-01-01T00:00:00Z,system,pending-review
BL-21,Stomach Transporter,胃俞,BL,Bladder,Twelve Primary Meridians,wèi shū,Weishu,wi yu 위유,Vị du,,,,,,,,[],[],[],[],"[""seed-pending""]",General,2025-01-01T00:00:00Z,2025-01-01T00:00:00Z,system,pending-review
BL-22,Sanjiao Transporter,三焦俞,BL,Bladder,Twelve Primary Meridians,sān jiāo shū,Sanjiaoshu,sam cho yu 삼초유,Tam tiêu du,,,,,,,,[],[],[],[],"[""seed-pending""]",General,2025-01-01T00:00:00Z,2025-01-01T00:00:00Z,system,pending-review
BL-23,Kidney Transporter,腎俞,BL,Bladder,Twelve Primary Meridians,shèn shū,Shenshu,sim yu 신유,Thận du,,,,,,,,[],[],[],[],"[""seed-pending""]",General,2025-01-01T00:00:00Z,2025-01-01T00:00:00Z,system,pending-review
BL-24,Sea of Qi Transporter,氣海俞,BL,Bladder,Twelve Primary Meridians,qì hǎi shū,Qihaishu,gi hae yu 기해유,Khí hải du,,,,,,,,[],[],[],[],"[""seed-pending""]",General,2025-01-01T00:00:00Z,2025-01-01T00:00:00Z,system,pending-review
BL-25,Large Intestine Transporter,大腸俞,BL,Bladder,Twelve Primary Meridians,dà cháng shū,Dachangshu,dae jang yu 대장유,Đại trường du,,,,,,,,[],[],[],[],"[""seed-pending""]",General,2025-01-01T00:00:00Z,2025-01-01T00:00:00Z,system,pending-review
BL-26,Gate of Origin Transporter,關元俞,BL,Bladder,Twelve Primary Meridians,guān yuán shū,Guanyuanshu,gwan won yu 관원유,Quan nguyên du,,,,,,,,[],[],[],[],"[""seed-pending""]",General,2025-01-01T00:00:00Z,2025-01-01T00:00:00Z,system,pending-review
BL-27,Small Intestine Transporter,小腸俞,BL,Bladder,Twelve Primary Meridians,xiǎo cháng shū,Xiaochangshu,so jang yu 소장유,Tiểu trường du,,,,,,,,[],[],[],[],"[""seed-pending""]",General,2025-01-01T00:00:00Z,2025-01-01T00:00:00Z,system,pending-review
BL-28,Bladder Transporter,膀胱俞,BL,Bladder,Twelve Primary Meridians,páng guāng shū,Pangguangshu,bang wang yu 방광유,Bàng quang du,,,,,,,,[],[],[],[],"[""seed-pending""]",General,2025-01-01T00:00:00Z,2025-01-01T00:00:00Z,system,pending-review
BL-29,Mid-Spine Transporter,中膂俞,BL,Bladder,Twelve Primary Meridians,zhōng lǚ shū,Zhonglushu,jung nyeo nae yu 중려내유,Trung lữ du,,,,,,,,[],[],[],[],"[""seed-pending""]",General,2025-01-01T00:00:00Z,2025-01-01T00:00:00Z,system,pending-review
BL-30,White Ring Transporter,白環俞,BL,Bladder,Twelve Primary Meridians,bái huán shū,Baihuanshu,baek hwan yu 백환유,Bạch hoàn du,,,,,,,,[],[],[],[],"[""seed-pending""]",General,2025-01-01T00:00:00Z,2025-01-01T00:00:00Z,system,pending-review
BL-31,Upper Bone Hole,上髎,BL,Bladder,Twelve Primary Meridians,shàng liáo,Shangliao,sang nyo 상료,Thượng liêu,,,,,,,,[],[],[],[],"[""seed-pending""]",General,2025-01-01T00:00:00Z,2025-01-01T00:00:00Z,system,pending-review
BL-32,Second Bone Hole,次髎,BL,Bladder,Twelve Primary Meridians,cì liáo,Ciliao,cha ryo 차료,Thứ liêu,,,,,,,,[],[],[],[],"[""seed-pending""]",General,2025-01-01T00:00:00Z,2025-01-01T00:00:00Z,system,pending-review
BL-33,Middle Bone Hole,中髎,BL,Bladder,Twelve Primary Meridians,zhōng liáo,Zhongliao,jung nyo 중료,Trung liêu,,,,,,,,[],[],[],[],"[""seed-pending""]",General,2025-01-01T00:00:00Z,2025-01-01T00:00:00Z,system,pending-review
BL-34,Lower Bone Hole,下髎,BL,Bladder,Twelve Primary Meridians,xià liáo,Xialiao,ha ryo 하료,Hạ liêu,,,,,,,,[],[],[],[],"[""seed-pending""]",General,2025-01-01T00:00:00Z,2025-01-01T00:00:00Z,system,pending-review
BL-35,Meeting of Yang,會陽,BL,Bladder,Twelve Primary Meridians,huì yáng,Huiyang,hoe yang 회양,Hội dương,,,,,,,,[],[],[],[],"[""seed-pending""]",General,2025-01-01T00:00:00Z,2025-01-01T00:00:00Z,system,pending-review
BL-36,Hold and Support,承扶,BL,Bladder,Twelve Primary Meridians,chéng fú,Chengfu,seung bu 승부,Thừa phù,,,,,,,,[],[],[],[],"[""seed-pending""]",General,2025-01-01T00:00:00Z,2025-01-01T00:00:00Z,system,pending-review
BL-37,Hanstring Gate,殷門,BL,Bladder,Twelve Primary Meridians,yīn mén,Yinmen,eun mun 은문,Ân môn,,,,,,,,[],[],[],[],"[""seed-pending""]",General,2025-01-01T00:00:00Z,2025-01-01T00:00:00Z,system,pending-review
BL-38,Superficial Cleft,浮郄,BL,Bladder,Twelve Primary Meridians,fú xī,Fuxi,bu geuk 부극,Phù khích,,,,,,,,[],[],[],[],"[""seed-pending""]",General,2025-01-01T00:00:00Z,2025-01-01T00:00:00Z,system,pending-review
BL-39,Lateral End of the Crease,委陽,BL,Bladder,Twelve Primary Meridians,wěi yáng,Weiyang,wi yang 위양,Ủy dương,,,,,,,,[],[],[],[],"[""seed-pending""]",General,2025-01-01T00:00:00Z,2025-01-01T00:00:00Z,system,pending-review
BL-40,Middle of the Crease,委中,BL,Bladder,Twelve Primary Meridians,wěi zhōng,Weizhong,wi jung 위중,Ủy trung,,,,,,,,[],[],[],[],"[""seed-pending""]",General,2025-01-01T00:00:00Z,2025-01-01T00:00:00Z,system,pending-review
BL-41,Outer Branch,附分,BL,Bladder,Twelve Primary Meridians,fù fēn,Fufen,bu bun 부분,Phụ phân,,,,,,,,[],[],[],[],"[""seed-pending""]",General,2025-01-01T00:00:00Z,2025-01-01T00:00:00Z,system,pending-review
BL-42,Door of the Corporeal Soul,魄戶,BL,Bladder,Twelve Primary Meridians,pò hù,Pohu,baek ho 백호,Phách hộ,,,,,,,,[],[],[],[],"[""seed-pending""]",General,2025-01-01T00:00:00Z,2025-01-01T00:00:00Z,system,pending-review
BL-43,Vital Region Shu,膏肓俞,BL,Bladder,Twelve Primary Meridians,gāo huāng shū,Gaohuangshu,go hwang [yu] 고황[유],Cao hoang du,,,,,,,,[],[],[],[],"[""seed-pending""]",General,2025-01-01T00:00:00Z,2025-01-01T00:00:00Z,system,pending-review
BL-44,Spirit Hall,神堂,BL,Bladder,Twelve Primary Meridians,shén táng,Shentang,sin dang 신당,Thần đường,,,,,,,,[],[],[],[],"[""seed-pending""]",General,2025-01-01T00:00:00Z,2025-01-01T00:00:00Z,system,pending-review
BL-45,That Hurt,譩譆,BL,Bladder,Twelve Primary Meridians,yì xǐ,Yixi,ui hoe 의회,Y hy,,,,,,,,[],[],[],[],"[""seed-pending""]",General,2025-01-01T00:00:00Z,2025-01-01T00:00:00Z,system,pending-review
BL-46,Diaphragm Gate,膈關,BL,Bladder,Twelve Primary Meridians,gé guān,Geguan,gyeok gwan 격관,Cách quan,,,,,,,,[],[],[],[],"[""seed-pending""]",General,2025-01-01T00:00:00Z,2025-01-01T00:00:00Z,system,pending-review
BL-47,Ethereal Soul Gate,魂門,BL,Bladder,Twelve Primary Meridians,hún mén,Hunmen,hon mun 혼문,Hồn môn,,,,,,,,[],[],[],[],"[""seed-pending""]",General,2025-01-01T00:00:00Z,2025-01-01T00:00:00Z,system,pending-review
BL-48,Linking to Gall Bladder,陽綱,BL,Bladder,Twelve Primary Meridians,yáng gāng,Yanggang,yang gang 양강,Dương cương,,,,,,,,[],[],[],[],"[""seed-pending""]",General,2025-01-01T00:00:00Z,2025-01-01T00:00:00Z,system,pending-review
BL-49,Abode of Thought,意舍,BL,Bladder,Twelve Primary Meridians,yì shě,Yishe,ui sa 의사,Ý xá,,,,,,,,[],[],[],[],"[""seed-pending""]",General,2025-01-01T00:00:00Z,2025-01-01T00:00:00Z,system,pending-review
BL-50,Stomach Granary,胃倉,BL,Bladder,Twelve Primary Meridians,wèi cāng,Weicang,wi chang 위창,Vị thương,,,,,,,,[],[],[],[],"[""seed-pending""]",General,2025-01-01T00:00:00Z,2025-01-01T00:00:00Z,system,pending-review
BL-51,Vitals Gate,肓門,BL,Bladder,Twelve Primary Meridians,huāng mén,Huangmen,hwang mun 황문,Hoang môn,,,,,,,,[],[],[],[],"[""seed-pending""]",General,2025-01-01T00:00:00Z,2025-01-01T00:00:00Z,system,pending-review
BL-52,Willpower Room,志室,BL,Bladder,Twelve Primary Meridians,zhì shì,Zhishi,ji sil 지실,Chí thất,,,,,,,,[],[],[],[],"[""seed-pending""]",General,2025-01-01T00:00:00Z,2025-01-01T00:00:00Z,system,pending-review
BL-53,Bladder's Vitals,胞肓,BL,Bladder,Twelve Primary Meridians,bāo huāng,Baohuang,po hwang 포황,Bào hoang,,,,,,,,[],[],[],[],"[""seed-pending""]",General,2025-01-01T00:00:00Z,2025-01-01T00:00:00Z,system,pending-review
BL-54,Lowermost in Order,秩邊,BL,Bladder,Twelve Primary Meridians,zhì biān,Zhibian,jil byeon 질변,Trật biên,,,,,,,,[],[],[],[],"[""seed-pending""]",General,2025-01-01T00:00:00Z,2025-01-01T00:00:00Z,system,pending-review
BL-55,Yang Confluence,合陽,BL,Bladder,Twelve Primary Meridians,hé yáng,Heyang,hap yang 합양,Hợp dương,,,,,,,,[],[],[],[],"[""seed-pending""]",General,2025-01-01T00:00:00Z,2025-01-01T00:00:00Z,system,pending-review
BL-56,Sinews Support,承筋,BL,Bladder,Twelve Primary Meridians,chéng jīn,Chengjin,seung geun 승근,Thừa cân,,,,,,,,[],[],[],[],"[""seed-pending""]",General,2025-01-01T00:00:00Z,2025-01-01T00:00:00Z,system,pending-review
BL-57,Mountain Support,承山,BL,Bladder,Twelve Primary Meridians,chéng shān,Chengshan,seung san 승산,Thừa sơn,,,,,,,,[],[],[],[],"[""seed-pending""]",General,2025-01-01T00:00:00Z,2025-01-01T00:00:00Z,system,pending-review
BL-58,Taking Flight,飛陽,BL,Bladder,Twelve Primary Meridians,fēi yáng,Feiyang,bi yang 비양,Phi dương,,,,,,,,[],[],[],[],"[""seed-pending""]",General,2025-01-01T00:00:00Z,2025-01-01T00:00:00Z,system,pending-review
BL-59,Tarsus Yang,跗陽,BL,Bladder,Twelve Primary Meridians,fū yáng,Fuyang,bu yang 부양,Phụ dương,,,,,,,,[],[],[],[],"[""seed-pending""]",General,2025-01-01T00:00:00Z,2025-01-01T00:00:00Z,system,pending-review
BL-60,Kunlun Mountains,昆侖; 崑崙[7],BL,Bladder,Twelve Primary Meridians,kūn lún,Kunlun,gol lyun 곤륜,Côn lôn (luân),,,,,,,,[],[],[],[],"[""seed-pending""]",General,2025-01-01T00:00:00Z,2025-01-01T00:00:00Z,system,pending-review
BL-61,Subservient Visitor,僕參,BL,Bladder,Twelve Primary Meridians,pú cān,Pucan,bok cham 복참,Bộc tham,,,,,,,,[],[],[],[],"[""seed-pending""]",General,2025-01-01T00:00:00Z,2025-01-01T00:00:00Z,system,pending-review
BL-62,Extending Vessel,申脈,BL,Bladder,Twelve Primary Meridians,shēn mài,Shenmai,sin maek 신맥,Thân mạch,,,,,,,,[],[],[],[],"[""seed-pending""]",General,2025-01-01T00:00:00Z,2025-01-01T00:00:00Z,system,pending-review
BL-63,Golden Gate,金門,BL,Bladder,Twelve Primary Meridians,jīn mén,Jinmen,geum mun 금문,Kim môn,,,,,,,,[],[],[],[],"[""seed-pending""]",General,2025-01-01T00:00:00Z,2025-01-01T00:00:00Z,system,pending-review
BL-64,Metatarsal Tuberosity,京骨,BL,Bladder,Twelve Primary Meridians,jīng gǔ,Jinggu,gyeong gol 경골,Kinh cốt,,,,,,,,[],[],[],[],"[""seed-pending""]",General,2025-01-01T00:00:00Z,2025-01-01T00:00:00Z,system,pending-review
BL-65,Metatarsal Head,束骨,BL,Bladder,Twelve Primary Meridians,shù gǔ,Shugu,sok gol 속골,Thúc cốt,,,,,,,,[],[],[],[],"[""seed-pending""]",General,2025-01-01T00:00:00Z,2025-01-01T00:00:00Z,system,pending-review
BL-66,Foot Valley Passage,足通谷,BL,Bladder,Twelve Primary Meridians,zú tōng gǔ,Zutonggu,[jok] tong gok [족]통곡,Túc thông cốc,,,,,,,,[],[],[],[],"[""seed-pending""]",General,2025-01-01T00:00:00Z,2025-01-01T00:00:00Z,system,pending-review
BL-67,Reaching Yin,至陰,BL,Bladder,Twelve Primary Meridians,zhì yīn,Zhiyin,ji eum 지음,Chí âm,,,,,,,,[],[],[],[],"[""seed-pending""]",General,2025-01-01T00:00:00Z,2025-01-01T00:00:00Z,system,pending-review
KI-1,Bubbling Well,湧泉,KI,Kidney,Twelve Primary Meridians,yǒng quán,Yong Quan,yong cheon 용천,Dũng tuyền,,,,,,,,[],[],[],[],"[""seed-pending""]",General,2025-01-01T00:00:00Z,2025-01-01T00:00:00Z,system,pending-review
KI-2,Blazing Valley,然谷,KI,Kidney,Twelve Primary Meridians,rán gǔ,Rangu,yeon gok 연곡,Nhiên cốc,,,,,,,,[],[],[],[],"[""seed-pending""]",General,2025-01-01T00:00:00Z,2025-01-01T00:00:00Z,system,pending-review
KI-3,Great Stream,太谿,KI,Kidney,Twelve Primary Meridians,taì xī,Taixi,tae yeon 태계,Thái khê,,,,,,,,[],[],[],[],"[""seed-pending""]",General,2025-01-01T00:00:00Z,2025-01-01T00:00:00Z,system,pending-review
KI-4,Large Bell,大鐘,KI,Kidney,Twelve Primary Meridians,dà zhōng,Dazhong,dae jong 대종,Đại chung,,,,,,,,[],[],[],[],"[""seed-pending""]",General,2025-01-01T00:00:00Z,2025-01-01T00:00:00Z,system,pending-review
KI-5,Water Spring,水泉,KI,Kidney,Twelve Primary Meridians,shuǐ quán,Shuiquan,su cheon 수천,Thủy tuyền,,,,,,,,[],[],[],[],"[""seed-pending""]",General,2025-01-01T00:00:00Z,2025-01-01T00:00:00Z,system,pending-review
KI-6,Shining Sea,照海,KI,Kidney,Twelve Primary Meridians,zhào hǎi,Zhaohai,joh hae 조해,Chiếu hải,,,,,,,,[],[],[],[],"[""seed-pending""]",General,2025-01-01T00:00:00Z,2025-01-01T00:00:00Z,system,pending-review
KI-7,Continuing Flow,復溜,KI,Kidney,Twelve Primary Meridians,fù liū,Fuliu,bong nyu 복류,Phục lưu,,,,,,,,[],[],[],[],"[""seed-pending""]",General,2025-01-01T00:00:00Z,2025-01-01T00:00:00Z,system,pending-review
KI-8,Intersecting with Spleen,交信,KI,Kidney,Twelve Primary Meridians,jiāo xìn,Jiaoxin,gyo sin 교신,Giao tín,,,,,,,,[],[],[],[],"[""seed-pending""]",General,2025-01-01T00:00:00Z,2025-01-01T00:00:00Z,system,pending-review
KI-9,Strong Knees,築賓,KI,Kidney,Twelve Primary Meridians,zhú bīn,Zhubin,chuk bin 축빈,Trúc tân,,,,,,,,[],[],[],[],"[""seed-pending""]",General,2025-01-01T00:00:00Z,2025-01-01T00:00:00Z,system,pending-review
KI-10,Yin Valley,陰谷,KI,Kidney,Twelve Primary Meridians,yīn gǔ,Yingu,eum gok 음곡,Âm cốc,,,,,,,,[],[],[],[],"[""seed-pending""]",General,2025-01-01T00:00:00Z,2025-01-01T00:00:00Z,system,pending-review
KI-11,Pubic Bone,橫骨,KI,Kidney,Twelve Primary Meridians,héng gǔ,Henggu,hoeng gol 횡골,Hoành cốt,,,,,,,,[],[],[],[],"[""seed-pending""]",General,2025-01-01T00:00:00Z,2025-01-01T00:00:00Z,system,pending-review
KI-12,Big Plentifulness,大赫,KI,Kidney,Twelve Primary Meridians,dà hè,Dahe,dae hyeok 대혁,Đại hách,,,,,,,,[],[],[],[],"[""seed-pending""]",General,2025-01-01T00:00:00Z,2025-01-01T00:00:00Z,system,pending-review
KI-13,Kidney Qi Cave,氣穴,KI,Kidney,Twelve Primary Meridians,qì xué,Qixue,gi hyeol 기혈,Khí huyệt,,,,,,,,[],[],[],[],"[""seed-pending""]",General,2025-01-01T00:00:00Z,2025-01-01T00:00:00Z,system,pending-review
KI-14,Fourth for Fullnesses,四滿,KI,Kidney,Twelve Primary Meridians,sì mǎn,Siman,sa man 사만,Tứ mãn,,,,,,,,[],[],[],[],"[""seed-pending""]",General,2025-01-01T00:00:00Z,2025-01-01T00:00:00Z,system,pending-review
KI-15,Pouring into the Middle,中注,KI,Kidney,Twelve Primary Meridians,zhōng zhù,Zhongzhu,jung ju 중주,Trung chú,,,,,,,,[],[],[],[],"[""seed-pending""]",General,2025-01-01T00:00:00Z,2025-01-01T00:00:00Z,system,pending-review
KI-16,Vitals Tissues Shu,肓俞,KI,Kidney,Twelve Primary Meridians,huāng shū,Huangshu,hwang yu 황유,Hoang du,,,,,,,,[],[],[],[],"[""seed-pending""]",General,2025-01-01T00:00:00Z,2025-01-01T00:00:00Z,system,pending-review
KI-17,Metal Bend,商曲,KI,Kidney,Twelve Primary Meridians,shāng qū,Shangqu,sang gok 상곡,Thương khúc,,,,,,,,[],[],[],[],"[""seed-pending""]",General,2025-01-01T00:00:00Z,2025-01-01T00:00:00Z,system,pending-review
KI-18,Stone Gate,石關,KI,Kidney,Twelve Primary Meridians,shí guān,Shiguan,seok gwan 석관,Thạch quan,,,,,,,,[],[],[],[],"[""seed-pending""]",General,2025-01-01T00:00:00Z,2025-01-01T00:00:00Z,system,pending-review
KI-19,Yin Metropolis,陰都,KI,Kidney,Twelve Primary Meridians,yīn dū,Yindu,eum do 음도,Âm đô,,,,,,,,[],[],[],[],"[""seed-pending""]",General,2025-01-01T00:00:00Z,2025-01-01T00:00:00Z,system,pending-review
KI-20,Abdominal Food Passage,腹通谷,KI,Kidney,Twelve Primary Meridians,fù tōng gǔ,Futonggu,tong gok 통곡,(Phúc) Thông cốc,,,,,,,,[],[],[],[],"[""seed-pending""]",General,2025-01-01T00:00:00Z,2025-01-01T00:00:00Z,system,pending-review
KI-21,Hidden Gate,幽門,KI,Kidney,Twelve Primary Meridians,yōu mén,Youmen,yu mun 유문,U môn,,,,,,,,[],[],[],[],"[""seed-pending""]",General,2025-01-01T00:00:00Z,2025-01-01T00:00:00Z,system,pending-review
KI-22,Stepping Upwards,步廊,KI,Kidney,Twelve Primary Meridians,bù láng,Bulang,bo rang 보랑,Bộ lang,,,,,,,,[],[],[],[],"[""seed-pending""]",General,2025-01-01T00:00:00Z,2025-01-01T00:00:00Z,system,pending-review
K-23,Spirit Manor,神封,KI,Kidney,Twelve Primary Meridians,shén fēng,Shenfeng,sin bong 신봉,Thần phong,,,,,,,,[],[],[],[],"[""seed-pending""]",General,2025-01-01T00:00:00Z,2025-01-01T00:00:00Z,system,pending-review
KI-24,Spirit Ruin,靈墟,KI,Kidney,Twelve Primary Meridians,líng xū,Lingxu,yeong heo 영허,Linh khâu,,,,,,,,[],[],[],[],"[""seed-pending""]",General,2025-01-01T00:00:00Z,2025-01-01T00:00:00Z,system,pending-review
KI-25,Spirit Storehouse,神藏,KI,Kidney,Twelve Primary Meridians,shén cáng,Shencang,sin jang 신장,Thần tàng,,,,,,,,[],[],[],[],"[""seed-pending""]",General,2025-01-01T00:00:00Z,2025-01-01T00:00:00Z,system,pending-review
KI-26,Refined Chest,彧中[a],KI,Kidney,Twelve Primary Meridians,yù zhōng,Yuzhong,uk jung 욱중,Hoắc trung,,,,,,,,[],[],[],[],"[""seed-pending""]",General,2025-01-01T00:00:00Z,2025-01-01T00:00:00Z,system,pending-review
KI-27,Shu Mansion,俞府,KI,Kidney,Twelve Primary Meridians,shū fǔ,Shufu,yu bu 유부,Du phủ,,,,,,,,[],[],[],[],"[""seed-pending""]",General,2025-01-01T00:00:00Z,2025-01-01T00:00:00Z,system,pending-review
PC-1,Heavenly Pool,天池,PC,Pericardium,Twelve Primary Meridians,tiān chí,Tianchi,cheon ji 천지,Thiên trì,,,,,,,,[],[],[],[],"[""seed-pending""]",General,2025-01-01T00:00:00Z,2025-01-01T00:00:00Z,system,pending-review
PC-2,Heavenly Spring,天泉,PC,Pericardium,Twelve Primary Meridians,tiān quán,Tianquan,cheon cheon 천천,Thiên tuyền,,,,,,,,[],[],[],[],"[""seed-pending""]",General,2025-01-01T00:00:00Z,2025-01-01T00:00:00Z,system,pending-review
PC-3,Marsh at the Crook,曲澤,PC,Pericardium,Twelve Primary Meridians,qū zé,Quze,gok taek 곡택,Khúc trạch,,,,,,,,[],[],[],[],"[""seed-pending""]",General,2025-01-01T00:00:00Z,2025-01-01T00:00:00Z,system,pending-review
PC-4,Xi-Cleft Gate,郄門,PC,Pericardium,Twelve Primary Meridians,xī mén,Ximen,geung mun 극문,Khích môn,,,,,,,,[],[],[],[],"[""seed-pending""]",General,2025-01-01T00:00:00Z,2025-01-01T00:00:00Z,system,pending-review
PC-5,Intermediate Messenger,間使,PC,Pericardium,Twelve Primary Meridians,jiān shǐ,Jianshi,gan sa 간사,Giản sử,,,,,,,,[],[],[],[],"[""seed-pending""]",General,2025-01-01T00:00:00Z,2025-01-01T00:00:00Z,system,pending-review
PC-6,Inner Pass,內關,PC,Pericardium,Twelve Primary Meridians,nèi guān,Neiguan,nae gwan 내관,Nội quan,,,,,,,,[],[],[],[],"[""seed-pending""]",General,2025-01-01T00:00:00Z,2025-01-01T00:00:00Z,system,pending-review
PC-7,Great Mound,大陵,PC,Pericardium,Twelve Primary Meridians,dà líng,Daling,dae reung 대릉,Đại lăng,,,,,,,,[],[],[],[],"[""seed-pending""]",General,2025-01-01T00:00:00Z,2025-01-01T00:00:00Z,system,pending-review
PC-8,Palace of Toil,勞宮,PC,Pericardium,Twelve Primary Meridians,láo gōng,Laogong,no gung 노궁,Lao cung,,,,,,,,[],[],[],[],"[""seed-pending""]",General,2025-01-01T00:00:00Z,2025-01-01T00:00:00Z,system,pending-review
PC-9,Middle Rushing,中衝,PC,Pericardium,Twelve Primary Meridians,zhōng chōng,Zhongchong,jung chung 중충,Trung xung,,,,,,,,[],[],[],[],"[""seed-pending""]",General,2025-01-01T00:00:00Z,2025-01-01T00:00:00Z,system,pending-review
TE-1,Surge Gate,關衝,TE,Triple Energizer,Twelve Primary Meridians,guān chōng,Guanchong,gwan chung 관충,Quan xung,,,,,,,,[],[],[],[],"[""seed-pending""]",General,2025-01-01T00:00:00Z,2025-01-01T00:00:00Z,system,pending-review
TE-2,Fluid Gate,液門,TE,Triple Energizer,Twelve Primary Meridians,yè mén,Yemen,aeng mun 액문,DỊch môn,,,,,,,,[],[],[],[],"[""seed-pending""]",General,2025-01-01T00:00:00Z,2025-01-01T00:00:00Z,system,pending-review
TE-3,Central Islet,中渚,TE,Triple Energizer,Twelve Primary Meridians,zhōng zhǔ,Zhongzhu,jung jeo 중저,Trung chử,,,,,,,,[],[],[],[],"[""seed-pending""]",General,2025-01-01T00:00:00Z,2025-01-01T00:00:00Z,system,pending-review
TE-4,Yang Pool,陽池,TE,Triple Energizer,Twelve Primary Meridians,yáng chí,Yangchi,yang ji 양지,Dương trì,,,,,,,,[],[],[],[],"[""seed-pending""]",General,2025-01-01T00:00:00Z,2025-01-01T00:00:00Z,system,pending-review
TE-5,Outer Pass,外關,TE,Triple Energizer,Twelve Primary Meridians,wài guān,Waiguan,oe gwan 외관,Ngoại quan,,,,,,,,[],[],[],[],"[""seed-pending""]",General,2025-01-01T00:00:00Z,2025-01-01T00:00:00Z,system,pending-review
TE-6,Branch Ditch,支溝,TE,Triple Energizer,Twelve Primary Meridians,zhī gōu,Zhigou,ji gu 지구,Chi câu,,,,,,,,[],[],[],[],"[""seed-pending""]",General,2025-01-01T00:00:00Z,2025-01-01T00:00:00Z,system,pending-review
TE-7,Convergence and Gathering,會宗,TE,Triple Energizer,Twelve Primary Meridians,huì zōng,Huizong,hui jung 회종,Hội tông,,,,,,,,[],[],[],[],"[""seed-pending""]",General,2025-01-01T00:00:00Z,2025-01-01T00:00:00Z,system,pending-review
TE-8,Three Yang Connection,三陽絡,TE,Triple Energizer,Twelve Primary Meridians,sān yáng luò,Sanyangluo,sam yang nak 삼양락,Tam dương lạc,,,,,,,,[],[],[],[],"[""seed-pending""]",General,2025-01-01T00:00:00Z,2025-01-01T00:00:00Z,system,pending-review
TE-9,Four Rivers,四瀆,TE,Triple Energizer,Twelve Primary Meridians,sì dú,Sidu,sa dok 사독,Tứ độc,,,,,,,,[],[],[],[],"[""seed-pending""]",General,2025-01-01T00:00:00Z,2025-01-01T00:00:00Z,system,pending-review
TE-10,Upper Well,天井,TE,Triple Energizer,Twelve Primary Meridians,tiān jǐng,Tianjing,cheon jeong 천정,Thiên tỉnh,,,,,,,,[],[],[],[],"[""seed-pending""]",General,2025-01-01T00:00:00Z,2025-01-01T00:00:00Z,system,pending-review
TE-11,Cooling Deep Pool,清冷淵,TE,Triple Energizer,Twelve Primary Meridians,qīng lěng yuān,Qinglengyuan,cheong naeng yeon 청랭연,Thanh lãng uyên,,,,,,,,[],[],[],[],"[""seed-pending""]",General,2025-01-01T00:00:00Z,2025-01-01T00:00:00Z,system,pending-review
TE-12,Draining Marsh,消濼,TE,Triple Energizer,Twelve Primary Meridians,xiāo luò,Xiaoluo,so rak 소락,Tiêu lạc,,,,,,,,[],[],[],[],"[""seed-pending""]",General,2025-01-01T00:00:00Z,2025-01-01T00:00:00Z,system,pending-review
TE-13,Upper Arm Intersection,臑會,TE,Triple Energizer,Twelve Primary Meridians,nào huì,Naohui,noe hui 뇌회,Nhu hội,,,,,,,,[],[],[],[],"[""seed-pending""]",General,2025-01-01T00:00:00Z,2025-01-01T00:00:00Z,system,pending-review
TE-14,Shoulder Bone Hole,肩髎,TE,Triple Energizer,Twelve Primary Meridians,jiān liáo,Jianliao,gyeol lyo 견료,Kiên liêu,,,,,,,,[],[],[],[],"[""seed-pending""]",General,2025-01-01T00:00:00Z,2025-01-01T00:00:00Z,system,pending-review
TE-15,Upper Arm Hole,天髎,TE,Triple Energizer,Twelve Primary Meridians,tiān liáo,Tianliao,cheol lyo 천료,Thiên liêu,,,,,,,,[],[],[],[],"[""seed-pending""]",General,2025-01-01T00:00:00Z,2025-01-01T00:00:00Z,system,pending-review
TE-16,Sky Window,天牖,TE,Triple Energizer,Twelve Primary Meridians,tiān yǒu,Tianyou,cheon yong 천용,Thiên dũ,,,,,,,,[],[],[],[],"[""seed-pending""]",General,2025-01-01T00:00:00Z,2025-01-01T00:00:00Z,system,pending-review
TE-17,Wind Screen,翳風,TE,Triple Energizer,Twelve Primary Meridians,yì fēng,Yifeng,ye pung 예풍,Ế phong,,,,,,,,[],[],[],[],"[""seed-pending""]",General,2025-01-01T00:00:00Z,2025-01-01T00:00:00Z,system,pending-review
TE-18,Convulsion Vessel,契脈,TE,Triple Energizer,Twelve Primary Meridians,qì mài,Qimai[b],gye maek 계맥,Khế mạch,,,,,,,,[],[],[],[],"[""seed-pending""]",General,2025-01-01T00:00:00Z,2025-01-01T00:00:00Z,system,pending-review
TE-19,Head's Tranquility,顱息,TE,Triple Energizer,Twelve Primary Meridians,lú xī,Luxi,no sik 노식,Lư tức,,,,,,,,[],[],[],[],"[""seed-pending""]",General,2025-01-01T00:00:00Z,2025-01-01T00:00:00Z,system,pending-review
TE-20,Angle Vertex,角孫,TE,Triple Energizer,Twelve Primary Meridians,jiǎo sūn,Jiaosun,gak son 각손,Giác tôn,,,,,,,,[],[],[],[],"[""seed-pending""]",General,2025-01-01T00:00:00Z,2025-01-01T00:00:00Z,system,pending-review
TE-21,Ear Gate,耳門,TE,Triple Energizer,Twelve Primary Meridians,ěr mén,Ermen,i mun 이문,Nhĩ môn,,,,,,,,[],[],[],[],"[""seed-pending""]",General,2025-01-01T00:00:00Z,2025-01-01T00:00:00Z,system,pending-review
TE-22,Ear Harmonising Foramen,耳和髎,TE,Triple Energizer,Twelve Primary Meridians,ěr hé liáo,Erheliao,hwa ryo 화료,(Nhĩ) Hòa liêu,,,,,,,,[],[],[],[],"[""seed-pending""]",General,2025-01-01T00:00:00Z,2025-01-01T00:00:00Z,system,pending-review
TE-23,Silken Bamboo Hollow,絲竹空,TE,Triple Energizer,Twelve Primary Meridians,sī zhú kōng,Sizhukong,sa juk gong 사죽공,Ti trúc không,,,,,,,,[],[],[],[],"[""seed-pending""]",General,2025-01-01T00:00:00Z,2025-01-01T00:00:00Z,system,pending-review
GB-1,Pupil Crevice,瞳子髎,GB,Gallbladder,Twelve Primary Meridians,tóng zǐ liáo,Tongziliao,dong ja ryo 동자료,Đồng tử liêu,,,,,,,,[],[],[],[],"[""seed-pending""]",General,2025-01-01T00:00:00Z,2025-01-01T00:00:00Z,system,pending-review
GB-2,Meeting of Hearing,聽會,GB,Gallbladder,Twelve Primary Meridians,tīng huì,Tinghui,cheong hoe 청회,Thính hội,,,,,,,,[],[],[],[],"[""seed-pending""]",General,2025-01-01T00:00:00Z,2025-01-01T00:00:00Z,system,pending-review
GB-3,Above the Joint,上關[c],GB,Gallbladder,Twelve Primary Meridians,shàng guān,Shangguan,sang gwan 상관/gaek ju in 객주인,Thượng quan,,,,,,,,[],[],[],[],"[""seed-pending""]",General,2025-01-01T00:00:00Z,2025-01-01T00:00:00Z,system,pending-review
GB-4,Jaw Serenity,頷厭,GB,Gallbladder,Twelve Primary Meridians,hàn yàn,Hanyan,ha yeom 함염,Hàm yến,,,,,,,,[],[],[],[],"[""seed-pending""]",General,2025-01-01T00:00:00Z,2025-01-01T00:00:00Z,system,pending-review
GB-5,Suspended Skull,懸顱,GB,Gallbladder,Twelve Primary Meridians,xuán lú,Xuanlu,hyeol lo 현로,Huyền lư,,,,,,,,[],[],[],[],"[""seed-pending""]",General,2025-01-01T00:00:00Z,2025-01-01T00:00:00Z,system,pending-review
GB-6,Suspended Hair,懸厘,GB,Gallbladder,Twelve Primary Meridians,xuán lí,Xuanli,hyeol li 현리,Huyền ly,,,,,,,,[],[],[],[],"[""seed-pending""]",General,2025-01-01T00:00:00Z,2025-01-01T00:00:00Z,system,pending-review
GB-7,Crook of the Temple,曲鬢,GB,Gallbladder,Twelve Primary Meridians,qū bìn,Qubin,gok bin 곡빈,Khúc tân,,,,,,,,[],[],[],[],"[""seed-pending""]",General,2025-01-01T00:00:00Z,2025-01-01T00:00:00Z,system,pending-review
GB-8,Leading Valley,率谷,GB,Gallbladder,Twelve Primary Meridians,shuài gǔ,Shuaigu,sol gok 솔곡,Suất cốc,,,,,,,,[],[],[],[],"[""seed-pending""]",General,2025-01-01T00:00:00Z,2025-01-01T00:00:00Z,system,pending-review
GB-9,Heavenly Rushing,天沖,GB,Gallbladder,Twelve Primary Meridians,tiān chōng,Tianchong,cheon chung 천충,Thiên xung,,,,,,,,[],[],[],[],"[""seed-pending""]",General,2025-01-01T00:00:00Z,2025-01-01T00:00:00Z,system,pending-review
GB-10,Floating White,浮白,GB,Gallbladder,Twelve Primary Meridians,fú bái,Fubai,bu baek 부백,Phù bạch,,,,,,,,[],[],[],[],"[""seed-pending""]",General,2025-01-01T00:00:00Z,2025-01-01T00:00:00Z,system,pending-review
GB-11,Yin Portals of the Head,頭竅陰,GB,Gallbladder,Twelve Primary Meridians,tóu qiào yīn,Touqiaoyin,[du] gyu eum [두] 규음,Đầu khiếu âm,,,,,,,,[],[],[],[],"[""seed-pending""]",General,2025-01-01T00:00:00Z,2025-01-01T00:00:00Z,system,pending-review
GB-12,Mastoid Process,完骨,GB,Gallbladder,Twelve Primary Meridians,wán gǔ,Wangu,wan gol 완골,Hoàn cốt,,,,,,,,[],[],[],[],"[""seed-pending""]",General,2025-01-01T00:00:00Z,2025-01-01T00:00:00Z,system,pending-review
GB-13,Root of the Spirit,本神,GB,Gallbladder,Twelve Primary Meridians,běn shén,Benshen,bon sin 본신,Bản thần,,,,,,,,[],[],[],[],"[""seed-pending""]",General,2025-01-01T00:00:00Z,2025-01-01T00:00:00Z,system,pending-review
GB-14,Yang White,陽白,GB,Gallbladder,Twelve Primary Meridians,yáng bái,Yangbai,yang baek 양백,Dương bạch,,,,,,,,[],[],[],[],"[""seed-pending""]",General,2025-01-01T00:00:00Z,2025-01-01T00:00:00Z,system,pending-review
GB-15,Head Governor of Tears,頭臨泣,GB,Gallbladder,Twelve Primary Meridians,tóu lín qì,Toulinqi,[du] im eup [두] 임읍,Đầu lâm khấp,,,,,,,,[],[],[],[],"[""seed-pending""]",General,2025-01-01T00:00:00Z,2025-01-01T00:00:00Z,system,pending-review
GB-16,Window of the Eye,目窗,GB,Gallbladder,Twelve Primary Meridians,mù chuāng,Muchuang,mok chang 목창,Mục song,,,,,,,,[],[],[],[],"[""seed-pending""]",General,2025-01-01T00:00:00Z,2025-01-01T00:00:00Z,system,pending-review
GB-17,Upright Nutrition,正營,GB,Gallbladder,Twelve Primary Meridians,zhèng yíng,Zhengying,jyeong yeong 정영,Chính dinh,,,,,,,,[],[],[],[],"[""seed-pending""]",General,2025-01-01T00:00:00Z,2025-01-01T00:00:00Z,system,pending-review
GB-18,Support Spirit,承靈,GB,Gallbladder,Twelve Primary Meridians,chéng líng,Chengling,seung nyeong 승령,Thừa linh,,,,,,,,[],[],[],[],"[""seed-pending""]",General,2025-01-01T00:00:00Z,2025-01-01T00:00:00Z,system,pending-review
GB-19,Brain Hollow,腦空,GB,Gallbladder,Twelve Primary Meridians,nǎo kōng,Naokong,noe gong 뇌공,Não không,,,,,,,,[],[],[],[],"[""seed-pending""]",General,2025-01-01T00:00:00Z,2025-01-01T00:00:00Z,system,pending-review
GB-20,Wind Pool,風池,GB,Gallbladder,Twelve Primary Meridians,fēng chí,Fengchi,pung ji 풍지,Phong trì,,,,,,,,[],[],[],[],"[""seed-pending""]",General,2025-01-01T00:00:00Z,2025-01-01T00:00:00Z,system,pending-review
GB-21,Shoulder Well,肩井,GB,Gallbladder,Twelve Primary Meridians,jīan jǐng,Jianjing,gyeon jeong 견정,Kiên tỉnh,,,,,,,,[],[],[],[],"[""seed-pending""]",General,2025-01-01T00:00:00Z,2025-01-01T00:00:00Z,system,pending-review
GB-22,Armpit Abyss,淵腋,GB,Gallbladder,Twelve Primary Meridians,yuān yè,Yuanye,yeon aek 연액,Uyển dịch,,,,,,,,[],[],[],[],"[""seed-pending""]",General,2025-01-01T00:00:00Z,2025-01-01T00:00:00Z,system,pending-review
GB-23,Flank Sinews,輒筋,GB,Gallbladder,Twelve Primary Meridians,zhé jīn,Zhejin,cheop geun 첩근,Triếp cân,,,,,,,,[],[],[],[],"[""seed-pending""]",General,2025-01-01T00:00:00Z,2025-01-01T00:00:00Z,system,pending-review
GB-24,Sun and Moon,日月,GB,Gallbladder,Twelve Primary Meridians,rì yuè,Riyue,il weol 일월,Nhật nguyệt,,,,,,,,[],[],[],[],"[""seed-pending""]",General,2025-01-01T00:00:00Z,2025-01-01T00:00:00Z,system,pending-review
GB-25,Capital Gate,京門,GB,Gallbladder,Twelve Primary Meridians,jīng mén,Jingmen,gyeong mun 경문,Kinh môn,,,,,,,,[],[],[],[],"[""seed-pending""]",General,2025-01-01T00:00:00Z,2025-01-01T00:00:00Z,system,pending-review
GB-26,Girdling Vessel,帶脈,GB,Gallbladder,Twelve Primary Meridians,dài mài,Daimai,dae maek 대맥,Đới mạch,,,,,,,,[],[],[],[],"[""seed-pending""]",General,2025-01-01T00:00:00Z,2025-01-01T00:00:00Z,system,pending-review
GB-27,Five Pivots,五樞,GB,Gallbladder,Twelve Primary Meridians,wǔ shū,Wushu,o chu 오추,Ngũ khu,,,,,,,,[],[],[],[],"[""seed-pending""]",General,2025-01-01T00:00:00Z,2025-01-01T00:00:00Z,system,pending-review
GB-28,Linking Path,維道,GB,Gallbladder,Twelve Primary Meridians,wéi dào,Weidao,yu do 유도,Duy đạo,,,,,,,,[],[],[],[],"[""seed-pending""]",General,2025-01-01T00:00:00Z,2025-01-01T00:00:00Z,system,pending-review
GB-29,Stationary Crevice,居髎,GB,Gallbladder,Twelve Primary Meridians,jū liáo,Juliao,geo ryo 거료,Cự liêu,,,,,,,,[],[],[],[],"[""seed-pending""]",General,2025-01-01T00:00:00Z,2025-01-01T00:00:00Z,system,pending-review
GB-30,Jumping Circle,環跳,GB,Gallbladder,Twelve Primary Meridians,huán tiào,Huantiao,hwan do 환도,Hoàn khiêu,,,,,,,,[],[],[],[],"[""seed-pending""]",General,2025-01-01T00:00:00Z,2025-01-01T00:00:00Z,system,pending-review
GB-31,Wind Market,風市,GB,Gallbladder,Twelve Primary Meridians,fēng shì,Fengshi,pung si 풍시,Phong thị,,,,,,,,[],[],[],[],"[""seed-pending""]",General,2025-01-01T00:00:00Z,2025-01-01T00:00:00Z,system,pending-review
GB-32,Middle Ditch,中瀆,GB,Gallbladder,Twelve Primary Meridians,zhōng dú,Zhongdu,jung dok 중독,Trung độc,,,,,,,,[],[],[],[],"[""seed-pending""]",General,2025-01-01T00:00:00Z,2025-01-01T00:00:00Z,system,pending-review
GB-33,Knee Yang Gate,膝陽關,GB,Gallbladder,Twelve Primary Meridians,xī yáng guān,Xiyangguan,[seul] yang gwan [슬] 양관,(Tất) Dương quan,,,,,,,,[],[],[],[],"[""seed-pending""]",General,2025-01-01T00:00:00Z,2025-01-01T00:00:00Z,system,pending-review
GB-34,Yang Mound Spring,陽陵泉,GB,Gallbladder,Twelve Primary Meridians,yáng líng quán,Yanglingquan,yang neung cheon 양릉천,Dương lăng tuyền,,,,,,,,[],[],[],[],"[""seed-pending""]",General,2025-01-01T00:00:00Z,2025-01-01T00:00:00Z,system,pending-review
GB-35,Yang Intersection,陽交,GB,Gallbladder,Twelve Primary Meridians,yáng jiāo,Yangjiao,yang gyo 양교,Dương giao,,,,,,,,[],[],[],[],"[""seed-pending""]",General,2025-01-01T00:00:00Z,2025-01-01T00:00:00Z,system,pending-review
GB-36,Outer Hill,外丘,GB,Gallbladder,Twelve Primary Meridians,wài qiū,Waiqiu,woe gu 외구,Ngoại khâu,,,,,,,,[],[],[],[],"[""seed-pending""]",General,2025-01-01T00:00:00Z,2025-01-01T00:00:00Z,system,pending-review
GB-37,Bright Light,光明,GB,Gallbladder,Twelve Primary Meridians,guāng míng,Guangming,gwang myeong 광명,Quang minh,,,,,,,,[],[],[],[],"[""seed-pending""]",General,2025-01-01T00:00:00Z,2025-01-01T00:00:00Z,system,pending-review
GB-38,Yang Assistance,陽輔,GB,Gallbladder,Twelve Primary Meridians,yáng fǔ,Yangfu,yang bo 양보,Dương phụ,,,,,,,,[],[],[],[],"[""seed-pending""]",General,2025-01-01T00:00:00Z,2025-01-01T00:00:00Z,system,pending-review
GB-39,Suspended Bell,懸鐘[d],GB,Gallbladder,Twelve Primary Meridians,xuán zhōng,Xuanzhong,hyeon jong 현종/jeol gol 절골,Huyền chung,,,,,,,,[],[],[],[],"[""seed-pending""]",General,2025-01-01T00:00:00Z,2025-01-01T00:00:00Z,system,pending-review
GB-40,Mound of Ruins,丘墟,GB,Gallbladder,Twelve Primary Meridians,qiū xū,Qiuxu,gu heo 구허,Khâu khư,,,,,,,,[],[],[],[],"[""seed-pending""]",General,2025-01-01T00:00:00Z,2025-01-01T00:00:00Z,system,pending-review
GB-41,Foot Governor of Tears,足臨泣,GB,Gallbladder,Twelve Primary Meridians,zú lín qì,Zulinqi,[jok] im eup [족] 임읍,Túc lâm khấp,,,,,,,,[],[],[],[],"[""seed-pending""]",General,2025-01-01T00:00:00Z,2025-01-01T00:00:00Z,system,pending-review
GB-42,Earth Five Meetings,地五會,GB,Gallbladder,Twelve Primary Meridians,dì wǔ huì,Diwuhui,ji o hoe 지오회,Địa ngũ hội,,,,,,,,[],[],[],[],"[""seed-pending""]",General,2025-01-01T00:00:00Z,2025-01-01T00:00:00Z,system,pending-review
GB-43,Clamped Stream,俠谿,GB,Gallbladder,Twelve Primary Meridians,xiá xī,Xiaxi,hyeop gye 협계,Hiệp khê,,,,,,,,[],[],[],[],"[""seed-pending""]",General,2025-01-01T00:00:00Z,2025-01-01T00:00:00Z,system,pending-review
GB-44,Yin Portals of the Foot,足竅陰,GB,Gallbladder,Twelve Primary Meridians,zú qiào yīn,Zuqiaoyin,[jok] gyu eum [족] 규음,Túc khiếu âm,,,,,,,,[],[],[],[],"[""seed-pending""]",General,2025-01-01T00:00:00Z,2025-01-01T00:00:00Z,system,pending-review
LR-1,Great and Thick,大敦,LR,Liver,Twelve Primary Meridians,dà dūn,Dadun,dae don 대돈,Đại đôn,,,,,,,,[],[],[],[],"[""seed-pending""]",General,2025-01-01T00:00:00Z,2025-01-01T00:00:00Z,system,pending-review
LR-2,Interval Pass,行間,LR,Liver,Twelve Primary Meridians,xíng jiān,Xingjian,haeng gan 행간,Hành gian,,,,,,,,[],[],[],[],"[""seed-pending""]",General,2025-01-01T00:00:00Z,2025-01-01T00:00:00Z,system,pending-review
LR-3,Supreme Rush,太沖,LR,Liver,Twelve Primary Meridians,taì chōng,Taichong,tae chung 태충,Thái xung,,,,,,,,[],[],[],[],"[""seed-pending""]",General,2025-01-01T00:00:00Z,2025-01-01T00:00:00Z,system,pending-review
LR-4,Middle Margin,中封,LR,Liver,Twelve Primary Meridians,zhōng fēng,Zhongfeng,jung bong 중봉,Trung phong,,,,,,,,[],[],[],[],"[""seed-pending""]",General,2025-01-01T00:00:00Z,2025-01-01T00:00:00Z,system,pending-review
LR-5,Gnawed Channel,蠡溝,LR,Liver,Twelve Primary Meridians,lǐ gōu,Ligou,yeo gu 여구,Lãi câu,,,,,,,,[],[],[],[],"[""seed-pending""]",General,2025-01-01T00:00:00Z,2025-01-01T00:00:00Z,system,pending-review
LR-6,Central Capital,中都,LR,Liver,Twelve Primary Meridians,zhōng dū,Zhongdu,jung do 중도,Trung đô,,,,,,,,[],[],[],[],"[""seed-pending""]",General,2025-01-01T00:00:00Z,2025-01-01T00:00:00Z,system,pending-review
LR-7,Knee Pass,膝關,LR,Liver,Twelve Primary Meridians,xī guān,Xiguan,seul gwan 슬관,Tất quan,,,,,,,,[],[],[],[],"[""seed-pending""]",General,2025-01-01T00:00:00Z,2025-01-01T00:00:00Z,system,pending-review
LR-8,Pool Spring,曲泉,LR,Liver,Twelve Primary Meridians,qū quán,Ququan,gok cheon 곡천,Khúc tuyền,,,,,,,,[],[],[],[],"[""seed-pending""]",General,2025-01-01T00:00:00Z,2025-01-01T00:00:00Z,system,pending-review
LR-9,Yin Wrapping,陰包,LR,Liver,Twelve Primary Meridians,yīn bāo,Yinbao,eum bo 음보,Âm bao,,,,,,,,[],[],[],[],"[""seed-pending""]",General,2025-01-01T00:00:00Z,2025-01-01T00:00:00Z,system,pending-review
LR-10,Foot Governor of Tears,足五里,LR,Liver,Twelve Primary Meridians,zú wǔ li,Zuwuli,[jok] o ri [족] 오리,(Túc) Ngũ lý,,,,,,,,[],[],[],[],"[""seed-pending""]",General,2025-01-01T00:00:00Z,2025-01-01T00:00:00Z,system,pending-review
LR-11,Yin Side,陰廉,LR,Liver,Twelve Primary Meridians,yīn lián,Yinlian,eum yeom 음염,Âm liêm,,,,,,,,[],[],[],[],"[""seed-pending""]",General,2025-01-01T00:00:00Z,2025-01-01T00:00:00Z,system,pending-review
LR-12,Swift Pulse,急脈,LR,Liver,Twelve Primary Meridians,jí mài,Jimai,geum maek 금맥,Cấp mạch,,,,,,,,[],[],[],[],"[""seed-pending""]",General,2025-01-01T00:00:00Z,2025-01-01T00:00:00Z,system,pending-review
LR-13,Gate of the Ordering,章門,LR,Liver,Twelve Primary Meridians,zhāng mén,Zhangmen,jang mun 장문,Chương môn,,,,,,,,[],[],[],[],"[""seed-pending""]",General,2025-01-01T00:00:00Z,2025-01-01T00:00:00Z,system,pending-review
LR-14,Cyclic Gate,期門,LR,Liver,Twelve Primary Meridians,qí mén,Qimen,gi mun 기문,Kỳ môn,,,,,,,,[],[],[],[],"[""seed-pending""]",General,2025-01-01T00:00:00Z,2025-01-01T00:00:00Z,system,pending-review
